{
  "entity_sounds": {
    "entities": {
      "ho:sirenhead": {
        "volume": 1.0,
        "pitch": [ 0.95, 1.05 ],
        "events": {
          "ambient": "mob.sirenhead.idle",
          "hurt": "mob.sirenhead.hurt",
          "death": "mob.sirenhead.death",
          "step": {
            "sound": "step.no",
            "volume": 0.4,
            "pitch": 1.0
          }
        }
      },
      "ho:paper": {
        "volume": 1.0,
        "pitch": [ 0.95, 1.05 ],
        "events": {
          "ambient": "moba",
          "hurt": "mobb",
          "death": "pick.code",
          "step": {
            "sound": "stepp",
            "volume": 0.4,
            "pitch": 1.0
          }
        }
      }
    }
  }
}