{
	"format_version": "1.8.0",
	"animations": {
		"animation.door_hori.move": {
			"animation_length": 4,
			"bones": {
				"door": {
					"rotation": {
						"0.0": [0, 0, 0],
						"1.0": [0, -90, 0],
						"2.5167": [0, -90, 0],
						"3.0": [0, 0, 0]
					}
				}
			}
		},
		"animation.door_ho.move": {
			"animation_length": 4,
			"bones": {
				"door": {
					"rotation": {
						"0.0": [0, 0, 0],
						"1.0": [0, -90, 0],
						"2.5167": [0, -90, 0],
						"3.0": [0, 0, 0]
					}
				}
			}
		}
	}
}