{
	"format_version": "1.8.0",
	"animations": {
		"animation.friend.moving": {
			"loop": true,
			"anim_time_update": "query.modified_distance_moved",
			"bones": {
				"rightArm": {
					"rotation": ["Math.cos(query.anim_time * 40 + 40) *-50.0", 0, 0]
				},
				"leftArm": {
					"rotation": ["Math.cos(query.anim_time * 40 + 40) *50.0", 0, 0]
				},
				"rightLeg": {
					"rotation": ["Math.cos(query.anim_time * 40 + 40) *50.0", 0, 0]
				},
				"leftLeg": {
					"rotation": ["Math.cos(query.anim_time * 40 + 40) *-50.0", 0, 0]
				},
				"rightLeg2": {
					"rotation": ["35+Math.cos(query.anim_time * 40 + 40) *32.0", 0, 0]
				},
				"leftLeg2": {
					"rotation": ["35+Math.cos(query.anim_time * 40 + 40) *-32.0", 0, 0]
				},
				"rightArm2": {
					"rotation": ["-35+Math.cos(query.anim_time * 40 + 40) *-32", 0, 0]
				},
				"leftArm2": {
					"rotation": ["-35+Math.cos(query.anim_time * 40 + 40) *32", 0, 0]
				},
				"head": {
					"rotation": ["query.target_x_rotation - this", "query.target_y_rotation - this", 0]
				}
			}
		},
		"animation.friend.attacking": {
			"loop": true,
			"animation_length": 0.5,
			"bones": {
				"rightArm": {
					"rotation": {
						"0.0": [0, 0, 0],
						"0.6833": [0, 0, 0],
						"0.8333": [-45, 0, 90]
					}
				},
				"leftArm": {
					"rotation": [-35, 0, -20]
				},
				"leftArm2": {
					"rotation": [-70, 0, 0]
				},
				"body": {
					"rotation": {
						"0.4": [0, 40, 0],
						"0.8333": [0, -50, 0]
					},
					"position": [0, -2, 0]
				},
				"head": {
					"rotation": {
						"0.0": [0, 0, 0],
						"0.4": [0, 0, 0]
					}
				},
				"rightLeg": {
					"rotation": {
						"0.0": [20, 0, 0],
						"0.4": [5, -5, 20]
					},
					"position": [0, -1, 0]
				},
				"rightLeg2": {
					"rotation": [25, 0, 0]
				},
				"leftLeg": {
					"rotation": {
						"0.0": [-40, 0, 0],
						"0.4": [-40, -30, 0]
					},
					"position": [0, -1, 0]
				},
				"leftLeg2": {
					"rotation": [40, 0, 0]
				}
			}
		},
		"animation.friend.general": {
			"loop": true,
			"bones": {
				"head": {
					"rotation": ["query.target_x_rotation - this", "query.target_y_rotation - this", 0]
				},
				"rightArm": {
					"rotation": ["Math.sin(query.life_time * 180.0) * 3", "Math.sin(query.life_time * 180.0) * -7", 0]
				},
				"leftArm": {
					"rotation": ["Math.sin(query.life_time * 180.0) * -3", "Math.sin(query.life_time * 180.0) * 7", 0]
				}
			}
		},
		"animation.friend.riding": {
			"loop": true,
			"bones": {
				"waist": {
					"position": [0, -10, 0]
				},
				"rightArm": {
					"rotation": [-30, 5, 0]
				},
				"rightArm2": {
					"rotation": [-15, 0, 0]
				},
				"leftArm": {
					"rotation": [-25, -5, 0]
				},
				"leftArm2": {
					"rotation": [-25, 0, 0]
				},
				"rightLeg": {
					"rotation": [-90, 10, 0]
				},
				"rightLeg2": {
					"rotation": [90, 0, 0]
				},
				"leftLeg": {
					"rotation": [-90, -15, 0]
				},
				"leftLeg2": {
					"rotation": [90, 0, 0]
				}
			}
		}
	}
}