{
  "format_version": "1.8.0",
  "minecraft:client_entity": {
    "description": {
      "identifier": "ho:paper",
      "materials": {
	    "default": "npc"
	  },
      "textures": {
        "default": "textures/entity/paper"
      },
      "geometry": {
        "default": "geometry.paper"
      },
      "spawn_egg": {
        "base_color": "#f8dbb1",
        "overlay_color": "#f4c380"
      },
      "animations": {
        "walk": "animation.iron_golem.walk",
        "move": "animation.iron_golem.move",
        "attack": "animation.iron_golem.attack",
        "flower": "animation.iron_golem.flower",
        "look_at_target": "animation.common.look_at_target"
      },
      "animation_controllers": [
        { "move": "controller.animation.iron_golem.move" },
        { "arm": "controller.animation.iron_golem.arm_movement"}
      ],
      "render_controllers": [ "controller.render.skeleton" ]
    }
  }
}