{
  "format_version": "1.10.0",
  "animation_controllers": {
    "controller.animation.friend.general": {
      "states": {
        "default": {
          "animations": [
            "friend_general",
            "look_at_target"
          ]
        }
      }
    },
    "controller.animation.friend.move": {
      "states": {
        "default": {
          "animations": [
            {
              "moving": "query.modified_move_speed"
            }
          ]
        }
      }
    },
    "controller.animation.friend.ride": {
      "states": {
        "default": {
          "transitions": [
            { "riding": "query.is_riding" }
          ]
        },
        "riding": {
          "animations": [
            "riding"
          ],
          "transitions": [
            { "default": "!query.is_riding" }
          ]
        }
      }
    },
    "controller.animation.friend.attack": {
      "states": {
        "default": {
          "transitions": [
            {
              "attack": "variable.attack>0"
            }
          ],
          "blend_transition": 0.2
        },
        "attack": {
          "animations": [
            "attacking"
          ],
          "transitions": [
            {
              "default": "query.all_animations_finished"
            }
          ],
          "blend_transition": 0.2
        }
      }
    }
  }
}