{
	"format_version": "1.10.0",
	"geometry.chair": {
		"texturewidth": 64,
		"textureheight": 64,
		"visible_bounds_width": 2,
		"visible_bounds_height": 2,
		"visible_bounds_offset": [0, 1, 0],
		"bones": [
			{
				"name": "bone",
				"pivot": [0, 0, 0],
				"cubes": [
					{"origin": [-6, 0, 3], "size": [3, 10, 3], "uv": [33, 14]},
					{"origin": [-6, 10, -6], "size": [12, 2, 12], "uv": [0, 0]},
					{"origin": [-5, 22, 3], "size": [10, 2, 3], "uv": [0, 14]},
					{"origin": [-3, 14, 3], "size": [6, 2, 3], "uv": [36, 0]},
					{"origin": [-3, 18, 3], "size": [6, 2, 3], "uv": [33, 34]},
					{"origin": [-6, 12, 3], "size": [3, 10, 3], "uv": [12, 19]},
					{"origin": [3, 12, 3], "size": [3, 10, 3], "uv": [0, 19]},
					{"origin": [3, 0, 3], "size": [3, 10, 3], "uv": [12, 32]},
					{"origin": [3, 0, -6], "size": [3, 10, 3], "uv": [0, 32]},
					{"origin": [-6, 0, -6], "size": [3, 10, 3], "uv": [24, 24]}
				]
			}
		]
	}
}