{
	"geometry.helicopter": {
		"texturewidth": 1024,
		"textureheight": 1024,
		"visible_bounds_width": 25,
		"visible_bounds_height": 4,
		"visible_bounds_offset": [0, 2, 0],
		"bones": [
			{
				"name": "head",
				"pivot": [0, 24, 0],
				"material": "alpha",
				"cubes": [
					{"origin": [-24, 11, -64], "size": [54, 3, 135], "uv": [0, 0]},
					{"origin": [-17, 13, -69], "size": [39, 4, 3], "uv": [0, 0]},
					{"origin": [-19, 13, -43], "size": [43, 20, 2], "uv": [0, 0]},
					{"origin": [-12, 15, -74], "size": [29, 4, 3], "uv": [0, 0]},
					{"origin": [-19, 12, -67], "size": [43, 4, 3], "uv": [0, 0]},
					{"origin": [-15, 14, -71], "size": [34, 4, 3], "uv": [0, 0]},
					{"origin": [-10, 17, -76], "size": [25, 4, 3], "uv": [0, 0]},
					{"origin": [-10, 21, -78], "size": [25, 4, 3], "uv": [0, 0]},
					{"origin": [-10, 25, -78], "size": [25, 4, 3], "uv": [0, 0]},
					{"origin": [-11, 27, -77], "size": [27, 4, 3], "uv": [0, 0]},
					{"origin": [-13, 29, -75], "size": [31, 4, 3], "uv": [0, 0]},
					{"origin": [-19, 30, -73], "size": [43, 3, 3], "uv": [0, 0]},
					{"origin": [-18, 49, -31], "size": [42, 3, 105], "uv": [0, 0]},
					{"origin": [0, 36, 190], "size": [6, 25, 24], "uv": [0, 0]},
					{"origin": [0, 24, 103], "size": [6, 18, 97], "uv": [0, 0]},
					{"origin": [0, 24, 92], "size": [6, 9, 18], "uv": [0, 0]},
					{"origin": [0, 22, 87], "size": [6, 5, 18], "uv": [0, 0]},
					{"origin": [0, 17, 83], "size": [6, 5, 18], "uv": [0, 0]},
					{"origin": [0, 19, 85], "size": [6, 5, 18], "uv": [0, 0]},
					{"origin": [0, 15, 81], "size": [6, 5, 18], "uv": [0, 0]},
					{"origin": [0, 13, 79], "size": [6, 5, 18], "uv": [0, 0]},
					{"origin": [-13, 45, 72], "size": [29, 4, 11], "uv": [0, 0]},
					{"origin": [-8, 38, 84], "size": [22, 7, 11], "uv": [0, 0]},
					{"origin": [-3, 35, 89], "size": [12, 6, 14], "uv": [0, 0]},
					{"origin": [-19, 32, -70], "size": [43, 1, 27], "uv": [0, 0]},
					{"origin": [21, 13, -61], "size": [9, 20, 13], "uv": [0, 0]},
					{"origin": [19, 13, -68], "size": [9, 20, 13], "uv": [0, 0]},
					{"origin": [16, 16, -71], "size": [9, 14, 13], "uv": [0, 0]},
					{"origin": [11, 18, -75], "size": [9, 14, 13], "uv": [0, 0]},
					{"origin": [-24, 13, -61], "size": [9, 20, 13], "uv": [0, 0]},
					{"origin": [-22, 13, -68], "size": [9, 20, 13], "uv": [0, 0]},
					{"origin": [-19, 16, -71], "size": [9, 17, 13], "uv": [0, 0]},
					{"origin": [-15, 18, -75], "size": [9, 14, 13], "uv": [0, 0]},
					{"origin": [-15, 16, -71], "size": [9, 14, 13], "uv": [0, 0]},
					{"origin": [28, 13, -32], "size": [2, 36, 100], "uv": [0, 0]},
					{"origin": [-24, 13, -32], "size": [2, 36, 100], "uv": [0, 0]},
					{"origin": [-22, 48, -31], "size": [4, 3, 100], "uv": [0, 0]},
					{"origin": [23, 48, -31], "size": [5, 3, 100], "uv": [0, 0]},
					{"origin": [22, 13, -48], "size": [9, 20, 16], "uv": [0, 0]},
					{"origin": [-25, 13, -48], "size": [9, 20, 16], "uv": [0, 0]},
					{"origin": [15, 12, 68], "size": [13, 38, 8], "uv": [0, 0]},
					{"origin": [10, 12, 76], "size": [13, 36, 8], "uv": [0, 0]},
					{"origin": [2, 13, 82], "size": [13, 34, 8], "uv": [0, 0]},
					{"origin": [-22, 12, 68], "size": [13, 38, 8], "uv": [0, 0]},
					{"origin": [-16, 12, 76], "size": [13, 36, 8], "uv": [0, 0]},
					{"origin": [-9, 13, 82], "size": [13, 34, 8], "uv": [0, 0]},
					{"origin": [-8, 13, 69], "size": [22, 7, 12], "uv": [0, 0]},
					{"origin": [-16, 52, -5], "size": [38, 4, 50], "uv": [0, 0]},
					{"origin": [-11, 55, 5], "size": [29, 4, 31], "uv": [0, 0]},
					{"origin": [-4, 59, 14], "size": [15, 7, 11], "uv": [0, 0]},
					{"origin": [-4, 68, 14], "size": [5, 2, 5], "uv": [0, 0]}
				]
			},
			{
				"name": "wing",
				"pivot": [1.25, 66, 16.5],
				"cubes": [
					{"origin": [-2, 66, 14], "size": [5, 4, 200], "uv": [0, 0]},
					{"origin": [-2, 66, 14], "size": [200, 4, 5], "uv": [0, 0]},
					{"origin": [-202, 66, 14], "size": [200, 4, 5], "uv": [0, 0]},
					{"origin": [-2, 66, -177], "size": [5, 4, 200], "uv": [0, 0]}
				]
			}
		]
	}
}