{
	"format_version": "1.10.0",
	"geometry.siren_head": {
		"texturewidth": 128,
		"textureheight": 128,
		"visible_bounds_width": 3,
		"visible_bounds_height": 5,
		"visible_bounds_offset": [0, 2.5, 0],
		"bones": [
			{
				"name": "body",
				"pivot": [0, 32, 0],
				"cubes": [
					{"origin": [-6, 32, -4], "size": [4, 7, 8], "uv": [56, 0]},
					{"origin": [2, 32, -4], "size": [4, 7, 8], "uv": [0, 60]},
					{"origin": [-2, 32, -3], "size": [4, 7, 6], "uv": [66, 16]}
				]
			},
			{
				"name": "body2",
				"parent": "body",
				"pivot": [0, 40, 0],
				"cubes": [
					{"origin": [-3, 39, -2], "size": [6, 9, 5], "uv": [60, 46]}
				]
			},
			{
				"name": "body3",
				"parent": "body2",
				"pivot": [0, 48, 0],
				"cubes": [
					{"origin": [7, 55, -4], "size": [5, 2, 9], "uv": [56, 35]},
					{"origin": [-12, 55, -4], "size": [5, 2, 8], "uv": [32, 22]},
					{"origin": [-7, 48, -5], "size": [14, 10, 11], "uv": [0, 0]}
				]
			},
			{
				"name": "rightarm",
				"parent": "body3",
				"pivot": [10, 55.5, 0],
				"cubes": [
					{"origin": [8, 32, -2], "size": [4, 23, 4], "uv": [0, 21]}
				]
			},
			{
				"name": "rightarm2",
				"parent": "rightarm",
				"pivot": [10, 31.5, 0],
				"cubes": [
					{"origin": [8, 12, -2], "size": [4, 20, 4], "uv": [44, 44]}
				]
			},
			{
				"name": "righthand",
				"parent": "rightarm2",
				"pivot": [10, 12, -1],
				"cubes": [
					{"origin": [8, 9, -2], "size": [4, 3, 2], "uv": [56, 15]}
				]
			},
			{
				"name": "righthand2",
				"parent": "righthand",
				"pivot": [11.5, 9, -1.5],
				"rotation": [0, 0, -10],
				"cubes": [
					{"origin": [11, 8, -2], "size": [1, 1, 1], "uv": [44, 44]}
				]
			},
			{
				"name": "righthand7",
				"parent": "righthand2",
				"pivot": [11.5, 8, -1.5],
				"rotation": [15, 0, 0],
				"cubes": [
					{"origin": [11, 6, -2], "size": [1, 2, 1], "uv": [50, 27]}
				]
			},
			{
				"name": "righthand3",
				"parent": "righthand",
				"pivot": [10.5, 9, -1.5],
				"rotation": [0, 0, -5],
				"cubes": [
					{"origin": [10, 7, -2], "size": [1, 2, 1], "uv": [16, 60]}
				]
			},
			{
				"name": "righthand8",
				"parent": "righthand3",
				"pivot": [10.5, 7.5, -1.5],
				"rotation": [15, 0, 0],
				"cubes": [
					{"origin": [10, 5, -2], "size": [1, 3, 1], "uv": [45, 6]}
				]
			},
			{
				"name": "righthand4",
				"parent": "righthand",
				"pivot": [9.5, 9, -1.5],
				"cubes": [
					{"origin": [9, 6, -2], "size": [1, 3, 1], "uv": [39, 6]}
				]
			},
			{
				"name": "righthand9",
				"parent": "righthand4",
				"pivot": [9.5, 8, -1.5],
				"rotation": [15, 0, 0],
				"cubes": [
					{"origin": [9, 4, -2], "size": [1, 4, 1], "uv": [39, 0]}
				]
			},
			{
				"name": "righthand5",
				"parent": "righthand",
				"pivot": [8.5, 9, -1.5],
				"rotation": [0, 0, 5],
				"cubes": [
					{"origin": [8, 7, -2], "size": [1, 2, 1], "uv": [24, 60]}
				]
			},
			{
				"name": "righthand10",
				"parent": "righthand5",
				"pivot": [8.5, 7.5, -1.5],
				"rotation": [15, 0, 0],
				"cubes": [
					{"origin": [8, 5, -2], "size": [1, 3, 1], "uv": [49, 6]}
				]
			},
			{
				"name": "righthand6",
				"parent": "righthand",
				"pivot": [8, 11, -1],
				"rotation": [0, 0, 10],
				"cubes": [
					{"origin": [7, 9, -2], "size": [1, 2, 2], "uv": [40, 44]}
				]
			},
			{
				"name": "righthand11",
				"parent": "righthand6",
				"pivot": [7.5, 9.5, -1],
				"rotation": [15, 0, 0],
				"cubes": [
					{"origin": [7, 7, -2], "size": [1, 3, 2], "uv": [56, 0]}
				]
			},
			{
				"name": "head",
				"parent": "body3",
				"pivot": [0, 57.75, 0.5],
				"cubes": [
					{"origin": [-3, 58, -2], "size": [6, 1, 5], "uv": [39, 0]},
					{"origin": [-2, 59, -1], "size": [4, 20, 3], "uv": [60, 60]}
				]
			},
			{
				"name": "siren1",
				"parent": "head",
				"pivot": [2.03846, 67, 0.5],
				"cubes": [
					{"origin": [1, 64, -1], "size": [3, 6, 3], "uv": [86, 25]},
					{"origin": [4, 64, -3], "size": [1, 6, 2], "uv": [36, 93]},
					{"origin": [7, 62, -5], "size": [3, 10, 1], "uv": [32, 32]},
					{"origin": [4, 64, 2], "size": [1, 6, 2], "uv": [30, 93]},
					{"origin": [7, 62, 5], "size": [3, 10, 1], "uv": [0, 0]},
					{"origin": [5, 63, 4], "size": [2, 8, 1], "uv": [32, 21]},
					{"origin": [5, 63, -4], "size": [2, 8, 1], "uv": [74, 61]},
					{"origin": [4, 70, -3], "size": [1, 1, 7], "uv": [84, 0]},
					{"origin": [7, 72, -5], "size": [3, 1, 11], "uv": [39, 10]},
					{"origin": [7, 61, -5], "size": [3, 1, 11], "uv": [32, 32]},
					{"origin": [5, 62, -4], "size": [2, 1, 9], "uv": [74, 61]},
					{"origin": [5, 63, -3], "size": [2, 3, 7], "uv": [75, 29]},
					{"origin": [5, 68, -3], "size": [2, 3, 7], "uv": [77, 39]},
					{"origin": [5, 71, -4], "size": [2, 1, 9], "uv": [65, 74]},
					{"origin": [4, 63, -3], "size": [1, 1, 7], "uv": [49, 34]}
				]
			},
			{
				"name": "siren2",
				"parent": "head",
				"pivot": [-1.96154, 74, 0.5],
				"rotation": [0, 180, 0],
				"cubes": [
					{"origin": [-3, 71, -1], "size": [3, 6, 3], "uv": [86, 49]},
					{"origin": [0, 71, -3], "size": [1, 6, 2], "uv": [93, 93]},
					{"origin": [3, 69, -5], "size": [3, 10, 1], "uv": [0, 48]},
					{"origin": [0, 71, 2], "size": [1, 6, 2], "uv": [0, 60]},
					{"origin": [3, 69, 5], "size": [3, 10, 1], "uv": [17, 48]},
					{"origin": [1, 70, 4], "size": [2, 8, 1], "uv": [42, 88]},
					{"origin": [1, 70, -4], "size": [2, 8, 1], "uv": [48, 88]},
					{"origin": [0, 77, -3], "size": [1, 1, 7], "uv": [86, 17]},
					{"origin": [3, 79, -5], "size": [3, 1, 11], "uv": [0, 48]},
					{"origin": [3, 68, -5], "size": [3, 1, 11], "uv": [49, 22]},
					{"origin": [1, 69, -4], "size": [2, 1, 9], "uv": [73, 51]},
					{"origin": [2, 70, -3], "size": [1, 3, 7], "uv": [66, 84]},
					{"origin": [2, 75, -3], "size": [1, 3, 7], "uv": [78, 71]},
					{"origin": [1, 78, -4], "size": [2, 1, 9], "uv": [71, 6]},
					{"origin": [0, 70, -3], "size": [1, 1, 7], "uv": [86, 9]}
				]
			},
			{
				"name": "leftarm",
				"parent": "body3",
				"pivot": [-10, 55.5, 0],
				"cubes": [
					{"origin": [-12, 32, -2], "size": [4, 23, 4], "uv": [16, 21]}
				]
			},
			{
				"name": "leftarm2",
				"parent": "leftarm",
				"pivot": [-10, 32, 0],
				"cubes": [
					{"origin": [-12, 12, -2], "size": [4, 20, 4], "uv": [28, 44]}
				]
			},
			{
				"name": "lefthand",
				"parent": "leftarm2",
				"pivot": [-10, 11.5, -1],
				"cubes": [
					{"origin": [-12, 9, -2], "size": [4, 3, 2], "uv": [72, 0]}
				]
			},
			{
				"name": "lefthand2",
				"parent": "lefthand",
				"pivot": [-8.5, 9, -1.5],
				"rotation": [0, 0, -5],
				"cubes": [
					{"origin": [-9, 7, -2], "size": [1, 2, 1], "uv": [60, 5]}
				]
			},
			{
				"name": "lefthand11",
				"parent": "lefthand2",
				"pivot": [-8.5, 9, -1.5],
				"rotation": [15, 0, 0],
				"cubes": [
					{"origin": [-9, 5, -2], "size": [1, 3, 1], "uv": [0, 21]}
				]
			},
			{
				"name": "lefthand3",
				"parent": "lefthand",
				"pivot": [-9.5, 9, -1.5],
				"cubes": [
					{"origin": [-10, 6, -2], "size": [1, 3, 1], "uv": [28, 21]}
				]
			},
			{
				"name": "lefthand10",
				"parent": "lefthand3",
				"pivot": [-9.5, 9, -1.5],
				"rotation": [15, 0, 0],
				"cubes": [
					{"origin": [-10, 4, -2], "size": [1, 4, 1], "uv": [58, 34]}
				]
			},
			{
				"name": "lefthand4",
				"parent": "lefthand",
				"pivot": [-10.5, 9, -1.5],
				"rotation": [0, 0, 5],
				"cubes": [
					{"origin": [-11, 7, -2], "size": [1, 2, 1], "uv": [54, 27]}
				]
			},
			{
				"name": "lefthand9",
				"parent": "lefthand4",
				"pivot": [-10.5, 9, -1.5],
				"rotation": [15, 0, 0],
				"cubes": [
					{"origin": [-11, 5, -2], "size": [1, 3, 1], "uv": [50, 22]}
				]
			},
			{
				"name": "lefthand5",
				"parent": "lefthand",
				"pivot": [-11.5, 9, -1.5],
				"rotation": [0, 0, 10],
				"cubes": [
					{"origin": [-12, 8, -2], "size": [1, 1, 1], "uv": [16, 21]}
				]
			},
			{
				"name": "lefthand8",
				"parent": "lefthand5",
				"pivot": [-11.5, 7.5, -1.5],
				"rotation": [15, 0, 0],
				"cubes": [
					{"origin": [-12, 6, -2], "size": [1, 2, 1], "uv": [56, 22]}
				]
			},
			{
				"name": "lefthand6",
				"parent": "lefthand",
				"pivot": [-8, 11, -1.5],
				"rotation": [0, 0, -10],
				"cubes": [
					{"origin": [-8, 9, -2], "size": [1, 2, 2], "uv": [12, 21]}
				]
			},
			{
				"name": "lefthand7",
				"parent": "lefthand6",
				"pivot": [-8, 11, -1.5],
				"rotation": [15, 0, 0],
				"cubes": [
					{"origin": [-8, 7, -2], "size": [1, 3, 2], "uv": [49, 34]}
				]
			},
			{
				"name": "rightleg",
				"pivot": [4, 32, 0],
				"rotation": [0, -10, 0],
				"cubes": [
					{"origin": [2, 16, -2], "size": [4, 16, 4], "uv": [24, 68]}
				]
			},
			{
				"name": "rightleg3",
				"parent": "rightleg",
				"pivot": [4, 16, 0],
				"cubes": [
					{"origin": [2, 0, -2], "size": [1, 16, 4], "uv": [10, 75]},
					{"origin": [5, 0, -2], "size": [1, 16, 4], "uv": [56, 83]},
					{"origin": [3, 0, -2], "size": [2, 3, 4], "uv": [16, 60]},
					{"origin": [5, 0, -6], "size": [1, 1, 4], "uv": [32, 88]},
					{"origin": [1, 0, -5], "size": [1, 1, 4], "uv": [89, 81]},
					{"origin": [3, 0, -6], "size": [1, 1, 4], "uv": [80, 1]},
					{"origin": [3, 13, -2], "size": [2, 3, 4], "uv": [87, 61]}
				]
			},
			{
				"name": "leftleg",
				"pivot": [-4, 32, 0],
				"rotation": [0, 10, 0],
				"cubes": [
					{"origin": [-6, 16, -2], "size": [4, 16, 4], "uv": [40, 68]}
				]
			},
			{
				"name": "leftleg2",
				"parent": "leftleg",
				"pivot": [-4, 16, 0],
				"cubes": [
					{"origin": [-6, 0, -2], "size": [1, 16, 4], "uv": [0, 75]},
					{"origin": [-3, 0, -2], "size": [1, 16, 4], "uv": [83, 83]},
					{"origin": [-5, 0, -2], "size": [2, 3, 4], "uv": [87, 71]},
					{"origin": [-5, 13, -2], "size": [2, 3, 4], "uv": [20, 88]},
					{"origin": [-2, 0, -5], "size": [1, 1, 4], "uv": [88, 39]},
					{"origin": [-4, 0, -6], "size": [1, 1, 4], "uv": [39, 6]},
					{"origin": [-6, 0, -6], "size": [1, 1, 4], "uv": [50, 22]}
				]
			}
		]
	}
}